,id_str,screen_name,full_text,retweeted
0,1195186219807723520,choonsickpark,"와,..씨발간만에 롤했더니 요즘 현자처럼 살고 있다가 ㅄ같은 정글 만나서 간만에 개쌍욕 박았네",0
1,1492708847454404608,fuvely_,"오늘 오후 9시 !
롤 하다가 이터널 리턴 할 거시와요 🥰
어푸푸 오늘 일겜에서 탑 미드 서폿만 할건데 완전 못하지만 덤덤이들 이빨은 안전할 거시와요 😉… (정글 원딜은 진짜 못하겠엉 ㅠㅠ)
이따 보자규~",0
2,879365418405707776,mint_jasmyn,"롤 나보다 잘하면 내가 아마 엥길 꺼에요
저보다 잘하기 쉽거든요 증인 : 라 누나, 금간지
정글 서폿이라면 제가 롤하자고 맨날 찡얼 될꺼에요",0
3,852668988433735680,fiwishwo,"옵치만하다 롤하려니까 자꾸 w스킬 낭비해 마우스 우클하고 좌클 헷갈려
그냥 짜증나 미드는뭐고 정글은 뭐야
나보고 어쩌라는거야 시발것들아",0
4,1465312791644966916,pposongtako,"롤 에유에 대해 얘기할 수 있는 것:
미드 차이
탑 차이
정글 차이
하여튼 뭔가 계속 차이가 남
kda",0
5,1465312791644966916,pposongtako,"안돼
롤AU하면 저는 정글차이 밖에 모른단 말이에요",0
6,1217351229753327616,robygame_hunter,롤하고싶다 근데 정글 갈까봐 무서워.. 할줄몰라...,0
7,1371252439706263560,respiratorytrac,"롤 아이템. 스킬. 정글 몹. 하나도 몰루는데
블리츠 켜놓고 칼바람 돌리믄 큰 문제 없음 재미뜸",0
8,1245914931955810306,_notte_77,근데 진짜 소름 돋아여....우리 팀 하나가 사라져서 안 나타나면..... 라인은 어카냐.... 정글이라면....?! 끔찍; 원영아 롤은 안 하지...? (과몰입중,0
9,722088521012359168,Duckssun_,"9시 좀 넘어서 롤 하실분
바텀은 아펠유미할거라 탑미드정글 구해욤

할사람 일반이에용 🥰",0
10,1518179355393896449,2310AD,@Duckssun_ 예전에 롤을 잘 못할땐 몰랐지만 1-2렙때 암살자 상대로 솔킬 따인것만 미드탓 아니라고 생각함.. 주도권 활용 못한 정글 때문에 메이지 유저가 힘들어하는거지,0
11,1195186219807723520,choonsickpark,"와,..씨발간만에 롤했더니 요즘 현자처럼 살고 있다가 ㅄ같은 정글 만나서 간만에 개쌍욕 박았네",0
12,1492708847454404608,fuvely_,"오늘 오후 9시 !
롤 하다가 이터널 리턴 할 거시와요 🥰
어푸푸 오늘 일겜에서 탑 미드 서폿만 할건데 완전 못하지만 덤덤이들 이빨은 안전할 거시와요 😉… (정글 원딜은 진짜 못하겠엉 ㅠㅠ)
이따 보자규~",0
13,879365418405707776,mint_jasmyn,"롤 나보다 잘하면 내가 아마 엥길 꺼에요
저보다 잘하기 쉽거든요 증인 : 라 누나, 금간지
정글 서폿이라면 제가 롤하자고 맨날 찡얼 될꺼에요",0
14,1420267193065893890,clove_s_sia,"혹시나 롤하시는 트친분들
정글 아리VS정글 유미..
이거 저의 오늘이 달려있는 아주 중요한 문제라고요ㅠㅠ 살려주세요ㅠㅠ",0
15,977085923459395585,jonu6434,"[게임 목표]
롤 골드 : 정글(녹턴), 원딜(애쉬, 포츈)
스타2 : 3종족 다이아 복귀",0
16,1525393242379853824,mya_nell_,"롤 자랭 플레가기 프로젝트 구합니다!
승리지향 즐겜모드 장착해주세용!

조건 : 솔랭 티어 실버상위~플

탑
정글

성인으로만 총 2분 구하구요!
마이크와 브리핑은 필수입니다!!
적당한 하이텐션 장착 가능하신분만 와주쎄용😉",1
17,1446126437098950666,mya_nell_,"롤 자랭 플레가기 프로젝트 구합니다!
승리지향 즐겜모드 장착해주세용!

조건 : 솔랭 티어 실버상위~플

탑
정글

성인으로만 총 2분 구하구요!
마이크와 브리핑은 필수입니다!!
적당한 하이텐션 장착 가능하신분만 와주쎄용😉",0
18,852668988433735680,fiwishwo,"옵치만하다 롤하려니까 자꾸 w스킬 낭비해 마우스 우클하고 좌클 헷갈려
그냥 짜증나 미드는뭐고 정글은 뭐야
나보고 어쩌라는거야 시발것들아",0
19,1465312791644966916,pposongtako,"롤 에유에 대해 얘기할 수 있는 것:
미드 차이
탑 차이
정글 차이
하여튼 뭔가 계속 차이가 남
kda",0
20,1465312791644966916,pposongtako,"안돼
롤AU하면 저는 정글차이 밖에 모른단 말이에요",0
21,1217351229753327616,robygame_hunter,롤하고싶다 근데 정글 갈까봐 무서워.. 할줄몰라...,0
22,1371252439706263560,respiratorytrac,"롤 아이템. 스킬. 정글 몹. 하나도 몰루는데
블리츠 켜놓고 칼바람 돌리믄 큰 문제 없음 재미뜸",0
23,1245914931955810306,_notte_77,근데 진짜 소름 돋아여....우리 팀 하나가 사라져서 안 나타나면..... 라인은 어카냐.... 정글이라면....?! 끔찍; 원영아 롤은 안 하지...? (과몰입중,0
24,722088521012359168,Duckssun_,"9시 좀 넘어서 롤 하실분
바텀은 아펠유미할거라 탑미드정글 구해욤

할사람 일반이에용 🥰",0
25,1518179355393896449,2310AD,@Duckssun_ 예전에 롤을 잘 못할땐 몰랐지만 1-2렙때 암살자 상대로 솔킬 따인것만 미드탓 아니라고 생각함.. 주도권 활용 못한 정글 때문에 메이지 유저가 힘들어하는거지,0
26,1195186219807723520,choonsickpark,"와,..씨발간만에 롤했더니 요즘 현자처럼 살고 있다가 ㅄ같은 정글 만나서 간만에 개쌍욕 박았네",0
27,1492708847454404608,fuvely_,"오늘 오후 9시 !
롤 하다가 이터널 리턴 할 거시와요 🥰
어푸푸 오늘 일겜에서 탑 미드 서폿만 할건데 완전 못하지만 덤덤이들 이빨은 안전할 거시와요 😉… (정글 원딜은 진짜 못하겠엉 ㅠㅠ)
이따 보자규~",0
28,879365418405707776,mint_jasmyn,"롤 나보다 잘하면 내가 아마 엥길 꺼에요
저보다 잘하기 쉽거든요 증인 : 라 누나, 금간지
정글 서폿이라면 제가 롤하자고 맨날 찡얼 될꺼에요",0
29,912860537670660096,MagicPowerjohns,오늘 롤좀 할까 정글탈론 운영이 달라서 재밌더라,0
30,1525393242379853824,mya_nell_,"롤 자랭 플레가기 프로젝트 구합니다!
승리지향 즐겜모드 장착해주세용!

조건 : 솔랭 티어 실버상위~플

탑
정글

성인으로만 총 2분 구하구요!
마이크와 브리핑은 필수입니다!!
적당한 하이텐션 장착 가능하신분만 와주쎄용😉",1
31,1446126437098950666,mya_nell_,"롤 자랭 플레가기 프로젝트 구합니다!
승리지향 즐겜모드 장착해주세용!

조건 : 솔랭 티어 실버상위~플

탑
정글

성인으로만 총 2분 구하구요!
마이크와 브리핑은 필수입니다!!
적당한 하이텐션 장착 가능하신분만 와주쎄용😉",0
32,852668988433735680,fiwishwo,"옵치만하다 롤하려니까 자꾸 w스킬 낭비해 마우스 우클하고 좌클 헷갈려
그냥 짜증나 미드는뭐고 정글은 뭐야
나보고 어쩌라는거야 시발것들아",0
33,1465312791644966916,pposongtako,"롤 에유에 대해 얘기할 수 있는 것:
미드 차이
탑 차이
정글 차이
하여튼 뭔가 계속 차이가 남
kda",0
34,1465312791644966916,pposongtako,"안돼
롤AU하면 저는 정글차이 밖에 모른단 말이에요",0
35,1217351229753327616,robygame_hunter,롤하고싶다 근데 정글 갈까봐 무서워.. 할줄몰라...,0
36,1371252439706263560,respiratorytrac,"롤 아이템. 스킬. 정글 몹. 하나도 몰루는데
블리츠 켜놓고 칼바람 돌리믄 큰 문제 없음 재미뜸",0
37,1245914931955810306,_notte_77,근데 진짜 소름 돋아여....우리 팀 하나가 사라져서 안 나타나면..... 라인은 어카냐.... 정글이라면....?! 끔찍; 원영아 롤은 안 하지...? (과몰입중,0
38,722088521012359168,Duckssun_,"9시 좀 넘어서 롤 하실분
바텀은 아펠유미할거라 탑미드정글 구해욤

할사람 일반이에용 🥰",0
39,1518179355393896449,2310AD,@Duckssun_ 예전에 롤을 잘 못할땐 몰랐지만 1-2렙때 암살자 상대로 솔킬 따인것만 미드탓 아니라고 생각함.. 주도권 활용 못한 정글 때문에 메이지 유저가 힘들어하는거지,0
40,1195186219807723520,choonsickpark,"와,..씨발간만에 롤했더니 요즘 현자처럼 살고 있다가 ㅄ같은 정글 만나서 간만에 개쌍욕 박았네",0
41,1492708847454404608,fuvely_,"오늘 오후 9시 !
롤 하다가 이터널 리턴 할 거시와요 🥰
어푸푸 오늘 일겜에서 탑 미드 서폿만 할건데 완전 못하지만 덤덤이들 이빨은 안전할 거시와요 😉… (정글 원딜은 진짜 못하겠엉 ㅠㅠ)
이따 보자규~",0
42,879365418405707776,mint_jasmyn,"롤 나보다 잘하면 내가 아마 엥길 꺼에요
저보다 잘하기 쉽거든요 증인 : 라 누나, 금간지
정글 서폿이라면 제가 롤하자고 맨날 찡얼 될꺼에요",0
43,912860537670660096,MagicPowerjohns,이게 롤 라인이랑 정글이 다른 게임임 정글은 상대를 이기는게 목적이 아니라 상대의 수를 캐치하고 묘수풀이 하는 느낌(피지컬로 가끔 오답을 정답으로 만들 수 있음) 이고 라인은 아무래도 눈앞에 있는 상대를 납골당슈가파우더로 만드는게 목표다보니,0
44,1427310806912278543,Acita_Blossom,"카구야 학생회 애들로 롤 포지션 이러면 어떨려나

탑 미코
정글 치카
미드 이시가미 유우
봇듀 회장(원딜), 카구야(서폿)

이런 느낌인가 미코가 탑차이로 지면 치카탓하고 ㅈㄱㅊㅇ 외치는 느낌 궁금하네",0
45,1034960142817607680,Been_cos,난 진짜 개울보라서 툭치면 울어요..특히 롤할때 감정주체안돼면 움 서러워 정글힘들어 내말안들어줘ㅠ머만하면내탓이래,0
46,937124648000536576,E_di_0,롤 랭크하닥 멘탈 터짐 아니 정글 6분에 6렙이 가능한거야? 그거 못했다고 던지는 샛기가 어딧음 심지어 내가정글인데 지가 왜던짐,0
47,912860537670660096,MagicPowerjohns,오늘 롤좀 할까 정글탈론 운영이 달라서 재밌더라,0
48,1525393242379853824,mya_nell_,"롤 자랭 플레가기 프로젝트 구합니다!
승리지향 즐겜모드 장착해주세용!

조건 : 솔랭 티어 실버상위~플

탑
정글

성인으로만 총 2분 구하구요!
마이크와 브리핑은 필수입니다!!
적당한 하이텐션 장착 가능하신분만 와주쎄용😉",1
49,1446126437098950666,mya_nell_,"롤 자랭 플레가기 프로젝트 구합니다!
승리지향 즐겜모드 장착해주세용!

조건 : 솔랭 티어 실버상위~플

탑
정글

성인으로만 총 2분 구하구요!
마이크와 브리핑은 필수입니다!!
적당한 하이텐션 장착 가능하신분만 와주쎄용😉",0
50,852668988433735680,fiwishwo,"옵치만하다 롤하려니까 자꾸 w스킬 낭비해 마우스 우클하고 좌클 헷갈려
그냥 짜증나 미드는뭐고 정글은 뭐야
나보고 어쩌라는거야 시발것들아",0
51,1465312791644966916,pposongtako,"롤 에유에 대해 얘기할 수 있는 것:
미드 차이
탑 차이
정글 차이
하여튼 뭔가 계속 차이가 남
kda",0
52,1465312791644966916,pposongtako,"안돼
롤AU하면 저는 정글차이 밖에 모른단 말이에요",0
53,1217351229753327616,robygame_hunter,롤하고싶다 근데 정글 갈까봐 무서워.. 할줄몰라...,0
54,1371252439706263560,respiratorytrac,"롤 아이템. 스킬. 정글 몹. 하나도 몰루는데
블리츠 켜놓고 칼바람 돌리믄 큰 문제 없음 재미뜸",0
55,1245914931955810306,_notte_77,근데 진짜 소름 돋아여....우리 팀 하나가 사라져서 안 나타나면..... 라인은 어카냐.... 정글이라면....?! 끔찍; 원영아 롤은 안 하지...? (과몰입중,0
56,722088521012359168,Duckssun_,"9시 좀 넘어서 롤 하실분
바텀은 아펠유미할거라 탑미드정글 구해욤

할사람 일반이에용 🥰",0
57,1518179355393896449,2310AD,@Duckssun_ 예전에 롤을 잘 못할땐 몰랐지만 1-2렙때 암살자 상대로 솔킬 따인것만 미드탓 아니라고 생각함.. 주도권 활용 못한 정글 때문에 메이지 유저가 힘들어하는거지,0
58,1195186219807723520,choonsickpark,"와,..씨발간만에 롤했더니 요즘 현자처럼 살고 있다가 ㅄ같은 정글 만나서 간만에 개쌍욕 박았네",0
59,1492708847454404608,fuvely_,"오늘 오후 9시 !
롤 하다가 이터널 리턴 할 거시와요 🥰
어푸푸 오늘 일겜에서 탑 미드 서폿만 할건데 완전 못하지만 덤덤이들 이빨은 안전할 거시와요 😉… (정글 원딜은 진짜 못하겠엉 ㅠㅠ)
이따 보자규~",0
60,879365418405707776,mint_jasmyn,"롤 나보다 잘하면 내가 아마 엥길 꺼에요
저보다 잘하기 쉽거든요 증인 : 라 누나, 금간지
정글 서폿이라면 제가 롤하자고 맨날 찡얼 될꺼에요",0
61,1420267193065893890,clove_s_sia,"혹시나 롤하시는 트친분들
정글 아리VS정글 유미..
이거 저의 오늘이 달려있는 아주 중요한 문제라고요ㅠㅠ 살려주세요ㅠㅠ",0
62,977085923459395585,jonu6434,"[게임 목표]
롤 골드 : 정글(녹턴), 원딜(애쉬, 포츈)
스타2 : 3종족 다이아 복귀",0
63,1288481153574293506,iloveu0113,근데 진짜 이해가 안돼 나 롤 처음할때 같이한 애들이 내가 뭔 챔을 하려고 하든 서포터만 시켰고 정글 간다 했을때 애들이 진짜 니가? 이런식으로 물어봤음 개패고싶었다,0
64,3646638432,__peachild__,@_danbi___ 롤에서 정글러 꼽주는 소리임,0
65,1280574533515087872,Roalclsshadk,"전에 롤 내전 참여했을때 생각난다. 백구(탑) 5밴때리고 나(정글) 3밴때려놓고ㅋㅋ 상대정글 2밴했을때 저격밴하지말라는 소리들음..ㅎㅎ
그리고 내전참여했을때 티어를 밝혔었는데 난 언랭이라 언랭이라고 적었지ㅋㅋ 근데 어떤여자가 나 언랭아닌데 언랭인척한다고 뒷담까고다님;;",0
66,3279375134,wndgh9017,올만에 롤하는데 쌍벞주고 유기시켜버리는 정글 만나서 책임감을 깨닫게 만들어 줌,0
67,1503140108911923203,nyna1142,"79기생 롤하면 
히가 탑 
코바시카와 원딜
오오토리 미드
키사라기 정글 
이정도? 
티어는 확실하게 코바시카와 실버3 이어야함 일단 무조건 실버인데 자기가 진짜 진심하면 골드 갈수있다고 말하고 다녀야함",0
68,912860537670660096,MagicPowerjohns,정글만 안가도 저런 놈들 보면서 즐길수 있을거 같은데 왜 정글로 롤 시작했지 근데 정글 안갔으면 지금보다 훨씬 못 했을듯,0
69,1505609321136422912,keri___a,나는... 그냥 우리 정글 오너라서 너무 행복해 현준아 평생 행복롤만 하자,1
70,1497808440433197056,ghdckwhgdk1,@tlqkf_5877 @porya700 롤에 너무 찌들었다 정글돌리는 남자로밖에 안 보여...,0
71,1244588277404860417,iidea_no,한 2주전부터 롤 다2 다3 도르마무 하고있는데 이번 시즌 유독 정글 영향이 큰 것 같다,0
72,1490871879858802688,XoX__TxT,"롤 협곡할건데 3인큐에융 ㅇ3ㅇ 
정글, 서폿 자리있구여...(고정..?)

저는..탑,미드밖에못가여...

원딜.. 탑.미드..올라이너..쨋든..
2명구해여&gt;&lt;",0
73,912860537670660096,MagicPowerjohns,이게 롤 라인이랑 정글이 다른 게임임 정글은 상대를 이기는게 목적이 아니라 상대의 수를 캐치하고 묘수풀이 하는 느낌(피지컬로 가끔 오답을 정답으로 만들 수 있음) 이고 라인은 아무래도 눈앞에 있는 상대를 납골당슈가파우더로 만드는게 목표다보니,0
74,1427310806912278543,Acita_Blossom,"카구야 학생회 애들로 롤 포지션 이러면 어떨려나

탑 미코
정글 치카
미드 이시가미 유우
봇듀 회장(원딜), 카구야(서폿)

이런 느낌인가 미코가 탑차이로 지면 치카탓하고 ㅈㄱㅊㅇ 외치는 느낌 궁금하네",0
75,1034960142817607680,Been_cos,난 진짜 개울보라서 툭치면 울어요..특히 롤할때 감정주체안돼면 움 서러워 정글힘들어 내말안들어줘ㅠ머만하면내탓이래,0
76,937124648000536576,E_di_0,롤 랭크하닥 멘탈 터짐 아니 정글 6분에 6렙이 가능한거야? 그거 못했다고 던지는 샛기가 어딧음 심지어 내가정글인데 지가 왜던짐,0
77,912860537670660096,MagicPowerjohns,오늘 롤좀 할까 정글탈론 운영이 달라서 재밌더라,0
78,1525393242379853824,mya_nell_,"롤 자랭 플레가기 프로젝트 구합니다!
승리지향 즐겜모드 장착해주세용!

조건 : 솔랭 티어 실버상위~플

탑
정글

성인으로만 총 2분 구하구요!
마이크와 브리핑은 필수입니다!!
적당한 하이텐션 장착 가능하신분만 와주쎄용😉",1
79,1446126437098950666,mya_nell_,"롤 자랭 플레가기 프로젝트 구합니다!
승리지향 즐겜모드 장착해주세용!

조건 : 솔랭 티어 실버상위~플

탑
정글

성인으로만 총 2분 구하구요!
마이크와 브리핑은 필수입니다!!
적당한 하이텐션 장착 가능하신분만 와주쎄용😉",0
80,852668988433735680,fiwishwo,"옵치만하다 롤하려니까 자꾸 w스킬 낭비해 마우스 우클하고 좌클 헷갈려
그냥 짜증나 미드는뭐고 정글은 뭐야
나보고 어쩌라는거야 시발것들아",0
81,1465312791644966916,pposongtako,"롤 에유에 대해 얘기할 수 있는 것:
미드 차이
탑 차이
정글 차이
하여튼 뭔가 계속 차이가 남
kda",0
82,1465312791644966916,pposongtako,"안돼
롤AU하면 저는 정글차이 밖에 모른단 말이에요",0
83,1217351229753327616,robygame_hunter,롤하고싶다 근데 정글 갈까봐 무서워.. 할줄몰라...,0
84,1371252439706263560,respiratorytrac,"롤 아이템. 스킬. 정글 몹. 하나도 몰루는데
블리츠 켜놓고 칼바람 돌리믄 큰 문제 없음 재미뜸",0
85,1245914931955810306,_notte_77,근데 진짜 소름 돋아여....우리 팀 하나가 사라져서 안 나타나면..... 라인은 어카냐.... 정글이라면....?! 끔찍; 원영아 롤은 안 하지...? (과몰입중,0
86,722088521012359168,Duckssun_,"9시 좀 넘어서 롤 하실분
바텀은 아펠유미할거라 탑미드정글 구해욤

할사람 일반이에용 🥰",0
87,1518179355393896449,2310AD,@Duckssun_ 예전에 롤을 잘 못할땐 몰랐지만 1-2렙때 암살자 상대로 솔킬 따인것만 미드탓 아니라고 생각함.. 주도권 활용 못한 정글 때문에 메이지 유저가 힘들어하는거지,0
88,1195186219807723520,choonsickpark,"와,..씨발간만에 롤했더니 요즘 현자처럼 살고 있다가 ㅄ같은 정글 만나서 간만에 개쌍욕 박았네",0
89,1492708847454404608,fuvely_,"오늘 오후 9시 !
롤 하다가 이터널 리턴 할 거시와요 🥰
어푸푸 오늘 일겜에서 탑 미드 서폿만 할건데 완전 못하지만 덤덤이들 이빨은 안전할 거시와요 😉… (정글 원딜은 진짜 못하겠엉 ㅠㅠ)
이따 보자규~",0
90,879365418405707776,mint_jasmyn,"롤 나보다 잘하면 내가 아마 엥길 꺼에요
저보다 잘하기 쉽거든요 증인 : 라 누나, 금간지
정글 서폿이라면 제가 롤하자고 맨날 찡얼 될꺼에요",0
91,912860537670660096,MagicPowerjohns,"1. 대학원생임 아마 군복무도 관련해서 전문연구원같은거 하는거같은데 이쪽은 잘 모르겠음
2. 리듬게임 잘하심 마이마이쪽이 본진인듯?
3. 롤은 안하지만 뭔가 에펙 하시는거 보면 탑가는 사람이랑 정글가는 사람 반씩 섞어 놓은것같음
@imnotlapis",0
92,1458272667631456259,xx_14813,"롤은 그래서 일겜에서 예능픽 하는 게 제일 재밌었는데
스토리상으로 관계있는(가족이나 친구)챔피언 픽해서 봇 듀오 가거나 ㅋㅋㅋㅋ챔피언 포지션을 서로 바꾸다던가 (미드챔으로 정글돌기)",0
93,1288481153574293506,iloveu0113,근데 진짜 이해가 안돼 나 롤 처음할때 같이한 애들이 내가 뭔 챔을 하려고 하든 서포터만 시켰고 정글 간다 했을때 애들이 진짜 니가? 이런식으로 물어봤음 개패고싶었다,0
94,3646638432,__peachild__,@_danbi___ 롤에서 정글러 꼽주는 소리임,0
95,1280574533515087872,Roalclsshadk,"전에 롤 내전 참여했을때 생각난다. 백구(탑) 5밴때리고 나(정글) 3밴때려놓고ㅋㅋ 상대정글 2밴했을때 저격밴하지말라는 소리들음..ㅎㅎ
그리고 내전참여했을때 티어를 밝혔었는데 난 언랭이라 언랭이라고 적었지ㅋㅋ 근데 어떤여자가 나 언랭아닌데 언랭인척한다고 뒷담까고다님;;",0
96,3279375134,wndgh9017,올만에 롤하는데 쌍벞주고 유기시켜버리는 정글 만나서 책임감을 깨닫게 만들어 줌,0
97,1503140108911923203,nyna1142,"79기생 롤하면 
히가 탑 
코바시카와 원딜
오오토리 미드
키사라기 정글 
이정도? 
티어는 확실하게 코바시카와 실버3 이어야함 일단 무조건 실버인데 자기가 진짜 진심하면 골드 갈수있다고 말하고 다녀야함",0
98,912860537670660096,MagicPowerjohns,정글만 안가도 저런 놈들 보면서 즐길수 있을거 같은데 왜 정글로 롤 시작했지 근데 정글 안갔으면 지금보다 훨씬 못 했을듯,0
99,1505609321136422912,keri___a,나는... 그냥 우리 정글 오너라서 너무 행복해 현준아 평생 행복롤만 하자,1
100,1497808440433197056,ghdckwhgdk1,@tlqkf_5877 @porya700 롤에 너무 찌들었다 정글돌리는 남자로밖에 안 보여...,0
101,1244588277404860417,iidea_no,한 2주전부터 롤 다2 다3 도르마무 하고있는데 이번 시즌 유독 정글 영향이 큰 것 같다,0
102,1490871879858802688,XoX__TxT,"롤 협곡할건데 3인큐에융 ㅇ3ㅇ 
정글, 서폿 자리있구여...(고정..?)

저는..탑,미드밖에못가여...

원딜.. 탑.미드..올라이너..쨋든..
2명구해여&gt;&lt;",0
103,912860537670660096,MagicPowerjohns,이게 롤 라인이랑 정글이 다른 게임임 정글은 상대를 이기는게 목적이 아니라 상대의 수를 캐치하고 묘수풀이 하는 느낌(피지컬로 가끔 오답을 정답으로 만들 수 있음) 이고 라인은 아무래도 눈앞에 있는 상대를 납골당슈가파우더로 만드는게 목표다보니,0
104,1427310806912278543,Acita_Blossom,"카구야 학생회 애들로 롤 포지션 이러면 어떨려나

탑 미코
정글 치카
미드 이시가미 유우
봇듀 회장(원딜), 카구야(서폿)

이런 느낌인가 미코가 탑차이로 지면 치카탓하고 ㅈㄱㅊㅇ 외치는 느낌 궁금하네",0
105,1034960142817607680,Been_cos,난 진짜 개울보라서 툭치면 울어요..특히 롤할때 감정주체안돼면 움 서러워 정글힘들어 내말안들어줘ㅠ머만하면내탓이래,0
106,937124648000536576,E_di_0,롤 랭크하닥 멘탈 터짐 아니 정글 6분에 6렙이 가능한거야? 그거 못했다고 던지는 샛기가 어딧음 심지어 내가정글인데 지가 왜던짐,0
107,912860537670660096,MagicPowerjohns,오늘 롤좀 할까 정글탈론 운영이 달라서 재밌더라,0
108,1525393242379853824,mya_nell_,"롤 자랭 플레가기 프로젝트 구합니다!
승리지향 즐겜모드 장착해주세용!

조건 : 솔랭 티어 실버상위~플

탑
정글

성인으로만 총 2분 구하구요!
마이크와 브리핑은 필수입니다!!
적당한 하이텐션 장착 가능하신분만 와주쎄용😉",1
109,1446126437098950666,mya_nell_,"롤 자랭 플레가기 프로젝트 구합니다!
승리지향 즐겜모드 장착해주세용!

조건 : 솔랭 티어 실버상위~플

탑
정글

성인으로만 총 2분 구하구요!
마이크와 브리핑은 필수입니다!!
적당한 하이텐션 장착 가능하신분만 와주쎄용😉",0
110,852668988433735680,fiwishwo,"옵치만하다 롤하려니까 자꾸 w스킬 낭비해 마우스 우클하고 좌클 헷갈려
그냥 짜증나 미드는뭐고 정글은 뭐야
나보고 어쩌라는거야 시발것들아",0
111,1465312791644966916,pposongtako,"롤 에유에 대해 얘기할 수 있는 것:
미드 차이
탑 차이
정글 차이
하여튼 뭔가 계속 차이가 남
kda",0
112,1465312791644966916,pposongtako,"안돼
롤AU하면 저는 정글차이 밖에 모른단 말이에요",0
113,1217351229753327616,robygame_hunter,롤하고싶다 근데 정글 갈까봐 무서워.. 할줄몰라...,0
114,1371252439706263560,respiratorytrac,"롤 아이템. 스킬. 정글 몹. 하나도 몰루는데
블리츠 켜놓고 칼바람 돌리믄 큰 문제 없음 재미뜸",0
115,1245914931955810306,_notte_77,근데 진짜 소름 돋아여....우리 팀 하나가 사라져서 안 나타나면..... 라인은 어카냐.... 정글이라면....?! 끔찍; 원영아 롤은 안 하지...? (과몰입중,0
116,722088521012359168,Duckssun_,"9시 좀 넘어서 롤 하실분
바텀은 아펠유미할거라 탑미드정글 구해욤

할사람 일반이에용 🥰",0
117,1518179355393896449,2310AD,@Duckssun_ 예전에 롤을 잘 못할땐 몰랐지만 1-2렙때 암살자 상대로 솔킬 따인것만 미드탓 아니라고 생각함.. 주도권 활용 못한 정글 때문에 메이지 유저가 힘들어하는거지,0
118,1195186219807723520,choonsickpark,"와,..씨발간만에 롤했더니 요즘 현자처럼 살고 있다가 ㅄ같은 정글 만나서 간만에 개쌍욕 박았네",0
119,1492708847454404608,fuvely_,"오늘 오후 9시 !
롤 하다가 이터널 리턴 할 거시와요 🥰
어푸푸 오늘 일겜에서 탑 미드 서폿만 할건데 완전 못하지만 덤덤이들 이빨은 안전할 거시와요 😉… (정글 원딜은 진짜 못하겠엉 ㅠㅠ)
이따 보자규~",0
120,879365418405707776,mint_jasmyn,"롤 나보다 잘하면 내가 아마 엥길 꺼에요
저보다 잘하기 쉽거든요 증인 : 라 누나, 금간지
정글 서폿이라면 제가 롤하자고 맨날 찡얼 될꺼에요",0
121,2988084770,__Nelliel_,@KimLas12 다음에롤할때 정글만함,0
122,1479695693854179331,liliabell_v,"리리아 계속 누워있어도 잠이안와서
라인별 롤 챔프 정하고있어!
일반게임에서 할 챔프야!
탑-스웨인
미드-스웨인 
정글-녹턴 헤카림 에코
원딜-몰라!
서폿-세나 노틸러스
이렇게 해볼까 해!",0
123,1022501963500478465,yulgi_05,요즘 롤이 또 재밌어서… 롤만 하는데요. 정글 릴리아가 그렇게 재밌더라구요.. 루미아섬의 초록머리 채찍이 생각나는것 같기도 하고요..,0
124,1527298422373425152,cowere123,"롤은 진짜 시즌2,3때가 야생무법지대정글이였음 지금 채팅 맵다 뭐다 하는데 도수나 이재석 같은 유명한 욕설트롤러가 그때 태어난거보면 알 수 있음",1
125,1331983204635475968,cowere123,"롤은 진짜 시즌2,3때가 야생무법지대정글이였음 지금 채팅 맵다 뭐다 하는데 도수나 이재석 같은 유명한 욕설트롤러가 그때 태어난거보면 알 수 있음",0
126,781146489452060673,orthodox_manual,@Zapzap_duck 롤은 그리고 챔피언이 1렙 때 너무 약해서 특정 챔피언 빼면 정글이 혼자 첫 정글 몹을 돌기 힘들어서 바텀에 있는 서폿 원딜이 라인 복귀 전에 몹을 같이 리쉬해주다 가는게 보통이라. 탑까지 참여 안하더라도 미드랑 서폿 원딜 정글 넷이서 인베 방어 안하면 정글이 초반에 크게 망해,0
127,781146489452060673,orthodox_manual,"@Zapzap_duck 롤은 초반 2분 5초까지 라인 크립이 안 나옴 + 보통 상대 정글챔피언에 따라 처음에 어느 정글먹는지 정해져 있음 + 1렙 때 강한 챔피언들이 있음
의 이유 때문에 다섯명이 다같이 한번 찔러봤다가 귀환하고 라인복귀하고 그래",0
128,796111241613717504,zahomdi,@014_bf 탑유미 신기하다 ㅈㄴ나 롤 하면서 탑 유미 단 한 번도 본 적 없는 듯 유미새끼들 서폿 아니면 정글만 돌던데,0
129,386521545,Oraangsh,아케인 파고 바이 픽 했을 때 탑 갔음 ㅋㅋㅋㅋㅋ 정글인 줄 몰랐음...나름...나름..롤 하는 법 숙지하고 간 거였는데...아 바이는 탑탱커인 줄 알았다고 T_T 아 아니라고~,0
130,1520110449500782592,ho_wolryeong,"낼 저랑 롤 하싈분.. 웅애..
서폿 미드 유저.. 다른라인 갈수있긴한데..
서폿 &gt; 미드 &gt; 탑 &gt; 원딜 &gt; 정글.. 잉",0
131,1343143749774319616,yurisa_ryu,"내가 롤 올라운더가 된 이유
탑:솔킬따여 답답하니 내가 한다
정글: 갱,옵젝 안챙겨 답답하니 내가 한다
미드:낭만없어 답답하니 내가 한다
원딜: 서폿 답답하니 내가 한다
서폿: 원딜 답답하니 내가 한다",0
132,912860537670660096,MagicPowerjohns,"1. 대학원생임 아마 군복무도 관련해서 전문연구원같은거 하는거같은데 이쪽은 잘 모르겠음
2. 리듬게임 잘하심 마이마이쪽이 본진인듯?
3. 롤은 안하지만 뭔가 에펙 하시는거 보면 탑가는 사람이랑 정글가는 사람 반씩 섞어 놓은것같음
@imnotlapis",0
133,1458272667631456259,xx_14813,"롤은 그래서 일겜에서 예능픽 하는 게 제일 재밌었는데
스토리상으로 관계있는(가족이나 친구)챔피언 픽해서 봇 듀오 가거나 ㅋㅋㅋㅋ챔피언 포지션을 서로 바꾸다던가 (미드챔으로 정글돌기)",0
134,1288481153574293506,iloveu0113,근데 진짜 이해가 안돼 나 롤 처음할때 같이한 애들이 내가 뭔 챔을 하려고 하든 서포터만 시켰고 정글 간다 했을때 애들이 진짜 니가? 이런식으로 물어봤음 개패고싶었다,0
135,3646638432,__peachild__,@_danbi___ 롤에서 정글러 꼽주는 소리임,0
136,1280574533515087872,Roalclsshadk,"전에 롤 내전 참여했을때 생각난다. 백구(탑) 5밴때리고 나(정글) 3밴때려놓고ㅋㅋ 상대정글 2밴했을때 저격밴하지말라는 소리들음..ㅎㅎ
그리고 내전참여했을때 티어를 밝혔었는데 난 언랭이라 언랭이라고 적었지ㅋㅋ 근데 어떤여자가 나 언랭아닌데 언랭인척한다고 뒷담까고다님;;",0
137,3279375134,wndgh9017,올만에 롤하는데 쌍벞주고 유기시켜버리는 정글 만나서 책임감을 깨닫게 만들어 줌,0
138,1503140108911923203,nyna1142,"79기생 롤하면 
히가 탑 
코바시카와 원딜
오오토리 미드
키사라기 정글 
이정도? 
티어는 확실하게 코바시카와 실버3 이어야함 일단 무조건 실버인데 자기가 진짜 진심하면 골드 갈수있다고 말하고 다녀야함",0
139,912860537670660096,MagicPowerjohns,정글만 안가도 저런 놈들 보면서 즐길수 있을거 같은데 왜 정글로 롤 시작했지 근데 정글 안갔으면 지금보다 훨씬 못 했을듯,0
140,1505609321136422912,keri___a,나는... 그냥 우리 정글 오너라서 너무 행복해 현준아 평생 행복롤만 하자,1
141,1497808440433197056,ghdckwhgdk1,@tlqkf_5877 @porya700 롤에 너무 찌들었다 정글돌리는 남자로밖에 안 보여...,0
142,1244588277404860417,iidea_no,한 2주전부터 롤 다2 다3 도르마무 하고있는데 이번 시즌 유독 정글 영향이 큰 것 같다,0
143,1490871879858802688,XoX__TxT,"롤 협곡할건데 3인큐에융 ㅇ3ㅇ 
정글, 서폿 자리있구여...(고정..?)

저는..탑,미드밖에못가여...

원딜.. 탑.미드..올라이너..쨋든..
2명구해여&gt;&lt;",0
144,912860537670660096,MagicPowerjohns,이게 롤 라인이랑 정글이 다른 게임임 정글은 상대를 이기는게 목적이 아니라 상대의 수를 캐치하고 묘수풀이 하는 느낌(피지컬로 가끔 오답을 정답으로 만들 수 있음) 이고 라인은 아무래도 눈앞에 있는 상대를 납골당슈가파우더로 만드는게 목표다보니,0
145,1427310806912278543,Acita_Blossom,"카구야 학생회 애들로 롤 포지션 이러면 어떨려나

탑 미코
정글 치카
미드 이시가미 유우
봇듀 회장(원딜), 카구야(서폿)

이런 느낌인가 미코가 탑차이로 지면 치카탓하고 ㅈㄱㅊㅇ 외치는 느낌 궁금하네",0
146,1034960142817607680,Been_cos,난 진짜 개울보라서 툭치면 울어요..특히 롤할때 감정주체안돼면 움 서러워 정글힘들어 내말안들어줘ㅠ머만하면내탓이래,0
147,937124648000536576,E_di_0,롤 랭크하닥 멘탈 터짐 아니 정글 6분에 6렙이 가능한거야? 그거 못했다고 던지는 샛기가 어딧음 심지어 내가정글인데 지가 왜던짐,0
148,912860537670660096,MagicPowerjohns,오늘 롤좀 할까 정글탈론 운영이 달라서 재밌더라,0
149,1525393242379853824,mya_nell_,"롤 자랭 플레가기 프로젝트 구합니다!
승리지향 즐겜모드 장착해주세용!

조건 : 솔랭 티어 실버상위~플

탑
정글

성인으로만 총 2분 구하구요!
마이크와 브리핑은 필수입니다!!
적당한 하이텐션 장착 가능하신분만 와주쎄용😉",1
150,1446126437098950666,mya_nell_,"롤 자랭 플레가기 프로젝트 구합니다!
승리지향 즐겜모드 장착해주세용!

조건 : 솔랭 티어 실버상위~플

탑
정글

성인으로만 총 2분 구하구요!
마이크와 브리핑은 필수입니다!!
적당한 하이텐션 장착 가능하신분만 와주쎄용😉",0
151,852668988433735680,fiwishwo,"옵치만하다 롤하려니까 자꾸 w스킬 낭비해 마우스 우클하고 좌클 헷갈려
그냥 짜증나 미드는뭐고 정글은 뭐야
나보고 어쩌라는거야 시발것들아",0
152,1465312791644966916,pposongtako,"롤 에유에 대해 얘기할 수 있는 것:
미드 차이
탑 차이
정글 차이
하여튼 뭔가 계속 차이가 남
kda",0
153,1465312791644966916,pposongtako,"안돼
롤AU하면 저는 정글차이 밖에 모른단 말이에요",0
154,1217351229753327616,robygame_hunter,롤하고싶다 근데 정글 갈까봐 무서워.. 할줄몰라...,0
155,1371252439706263560,respiratorytrac,"롤 아이템. 스킬. 정글 몹. 하나도 몰루는데
블리츠 켜놓고 칼바람 돌리믄 큰 문제 없음 재미뜸",0
156,1245914931955810306,_notte_77,근데 진짜 소름 돋아여....우리 팀 하나가 사라져서 안 나타나면..... 라인은 어카냐.... 정글이라면....?! 끔찍; 원영아 롤은 안 하지...? (과몰입중,0
157,722088521012359168,Duckssun_,"9시 좀 넘어서 롤 하실분
바텀은 아펠유미할거라 탑미드정글 구해욤

할사람 일반이에용 🥰",0
158,1518179355393896449,2310AD,@Duckssun_ 예전에 롤을 잘 못할땐 몰랐지만 1-2렙때 암살자 상대로 솔킬 따인것만 미드탓 아니라고 생각함.. 주도권 활용 못한 정글 때문에 메이지 유저가 힘들어하는거지,0
159,1195186219807723520,choonsickpark,"와,..씨발간만에 롤했더니 요즘 현자처럼 살고 있다가 ㅄ같은 정글 만나서 간만에 개쌍욕 박았네",0
160,1492708847454404608,fuvely_,"오늘 오후 9시 !
롤 하다가 이터널 리턴 할 거시와요 🥰
어푸푸 오늘 일겜에서 탑 미드 서폿만 할건데 완전 못하지만 덤덤이들 이빨은 안전할 거시와요 😉… (정글 원딜은 진짜 못하겠엉 ㅠㅠ)
이따 보자규~",0
161,879365418405707776,mint_jasmyn,"롤 나보다 잘하면 내가 아마 엥길 꺼에요
저보다 잘하기 쉽거든요 증인 : 라 누나, 금간지
정글 서폿이라면 제가 롤하자고 맨날 찡얼 될꺼에요",0
